id,movie_title,youtube_id
1,Moana,LKFuXETZUsI
2,Fantastic Beasts and Where to Find Them,Vso5o11LuGU
3,TROLLS,xyjm5VQ11TQ
4,Allied,0f1_fbdB6RQ
5,Doctor Strange,HSzx-zryEgM
6,Bad Santa 2,6jBvP37fWIY
7,Arrival,tFMo3UJ4B4g
8,The Edge of Seventeen,OXCIZtd3gTM
9,Rules Don't Apply,D1JrMOiG5hc
10,Storks,ZENmkJk9fBM
11,The Accountant,DBfsgcswlYQ
12,Logan,gbug3zTm3Ws
13,Justice League,fIHH5-HVS9o
14,Collateral Beauty,isQ5Ycie73U
15,Guardians of the Galaxy Vol 2.,wX0aiMVvnvg
16,Ghost in the shell,G4VmJcZR0Yg
17,Beauty and the Beast,iSGUAlTDyO8
18,Wonder Woman,5HUlW21v1fQ
19,Max Steel,Tf4sa0BVJVw
20,Birth of the Dragon,vbNib_NsVRU
21,Pet,U3MnM0AP4zg
22,Jack Reacher: Never Go Back,aRwrdbcAh2s
23,I.T.,hfnDTvbtDUI
24,Masterminds,lFQP73G5yRg
25,Snowden,5OVHjPCOb3c
26,Don't Breathe,76yBTNDB6vU
27,Suicide Squad,CmRih_VtVAs
28,Star Wars: The Force Awakens,OMOVFvcNfvE
29,Jurassic World,RFinNxS5KN4
30,X-Men: Apocalypse,COvnHv42T-A
31,Ghostbusters,w3ugHP-yZXw
32,The Dark Knight Rises,GokKUqLcvD8
33,Lucy,MVt32qoyhi0
34,World War Z,HcwTxRuq-uk
35,Divergent,sutgWjz10sM
36,Terminator Genisys,62E4FJTwSuc
37,Batman v Superman: Dawn of Justice,xe1LrMqURuw
38,Captain America: Civil War,FkTybqcX-Yo
39,The Purge,K0LLaybEuzA
40,Marvel's. Captain America: The Winter Soldier,7SlILk2WMTI
41,Angry Birds: The Movie,2matH4B9bTo
42,The Martian,Ue4PCI0NamI
43,Cloud Atlas,hWnAqFyaQ5s
44,Sinister 2,fChx_YZUAR0
45,Maleficent,w-XO4XiRop0
46,Concussion,Io6hPdC41RM
47,The Good Dinosaur,O-RgquKVTPE
48,Inside Out,seMwpP0yeu4
49,The Great Gatsby,rARN6agiW7o
50,Edge of Tomorrow,fLe_qO4AE-M
51,The Duff,ci7eKlNRiuw
52,Neighbors,kL5c2szf3E4
53,Need for Speed,fsrJWUVoXeM
54,Transcendencc,VCTen3-B8GU
55,Ouija,_T1Jj1inE8M
56,Birdman,0PdLmZG_6ZE